mutant-id|timeToExecute|0-passes a basic sanity check|1-allows namespaces to be a non-string value|2-uses it|3-uses it
MUTANT 3|4585ms|1|1|1|1
MUTANT 1|4628ms|1|1|1|1
MUTANT 2|4713ms|1|1|1|1
MUTANT 4|4735ms|1|1|1|1
MUTANT 6|4179ms|1|1|1|1
MUTANT 5|4208ms|1|1|1|1
MUTANT 8|4060ms|1|1|1|1
MUTANT 7|4222ms|1|1|1|1
MUTANT 9|4421ms|1|1|1|1
MUTANT 10|4445ms|1|1|1|1
MUTANT 11|4445ms|1|1|1|1
MUTANT 12|4596ms|1|1|1|1
MUTANT 14|4084ms|1|1|1|1
MUTANT 15|4266ms|1|1|1|1
MUTANT 13|4410ms|1|1|1|1
MUTANT 16|4298ms|1|1|1|1
MUTANT 17|4062ms|1|1|1|1
MUTANT 18|4025ms|1|1|1|1
MUTANT 20|4044ms|1|1|1|1
MUTANT 19|4260ms|1|1|1|1
MUTANT 21|4609ms|1|1|1|1
MUTANT 22|4535ms|1|1|1|1
MUTANT 23|4668ms|1|1|1|1
MUTANT 24|4990ms|1|1|1|1
MUTANT 25|4049ms|1|1|1|1
MUTANT 26|4019ms|1|1|1|1
MUTANT 27|4176ms|1|1|1|1
MUTANT 28|5017ms|1|1|1|1
MUTANT 29|4313ms|1|1|1|1
MUTANT 30|4681ms|1|1|1|1
MUTANT 31|4553ms|1|1|1|1
MUTANT 32|4495ms|1|1|1|1
MUTANT 33|3949ms|1|1|1|1
MUTANT 34|4592ms|1|1|1|1
MUTANT 35|4192ms|1|1|1|1
MUTANT 36|4666ms|1|1|1|1
MUTANT 37|4695ms|1|1|1|1
MUTANT 39|4561ms|1|1|1|1
MUTANT 38|4753ms|1|1|1|1
MUTANT 40|3749ms|1|1|1|1
MUTANT 41|3020ms|1|1|1|1
MUTANT 42|3345ms|1|1|1|1
MUTANT 43|3356ms|1|1|1|1
MUTANT 44|3817ms|1|1|1|1
MUTANT 45|4426ms|1|1|1|1
MUTANT 46|3862ms|1|1|1|1
MUTANT 47|4125ms|1|1|1|1
MUTANT 48|4364ms|1|1|1|1
MUTANT 49|3959ms|1|1|1|1
MUTANT 50|4034ms|1|1|1|1
MUTANT 51|3759ms|1|1|1|1
MUTANT 52|4215ms|1|1|1|1
MUTANT 53|3804ms|1|1|1|1
MUTANT 54|3578ms|1|1|1|1
MUTANT 55|3632ms|1|1|1|1
MUTANT 56|2707ms|1|1|1|1
MUTANT 57|2864ms|1|1|1|1
MUTANT 58|3017ms|1|1|1|1
MUTANT 59|3095ms|1|1|1|1
MUTANT 60|3563ms|1|1|1|1
MUTANT 61|4098ms|1|1|1|1
MUTANT 62|4218ms|1|1|1|1
MUTANT 63|4115ms|1|1|1|1
MUTANT 64|4086ms|1|1|1|1
MUTANT 65|4840ms|1|1|1|1
MUTANT 66|4309ms|1|1|1|1
MUTANT 67|4447ms|1|1|1|1
MUTANT 68|4669ms|1|1|1|1
MUTANT 69|4354ms|1|1|1|1
MUTANT 70|4365ms|1|1|1|1
MUTANT 71|4243ms|1|1|1|1
MUTANT 72|4100ms|1|1|1|1
MUTANT 73|4680ms|1|1|1|1
MUTANT 74|4512ms|1|1|1|1
MUTANT 75|4450ms|1|1|1|1
MUTANT 76|5180ms|1|1|1|1
MUTANT 77|4066ms|1|1|1|1
MUTANT 79|4034ms|1|1|1|1
MUTANT 78|4108ms|1|1|1|1
MUTANT 80|3950ms|1|1|1|1
MUTANT 81|3845ms|1|1|1|1
MUTANT 83|3744ms|1|1|1|1
MUTANT 82|3860ms|1|1|1|1
MUTANT 84|4358ms|1|1|1|1
MUTANT 85|4105ms|1|1|1|1
MUTANT 86|4314ms|1|1|1|1
MUTANT 87|4331ms|1|1|1|1
MUTANT 88|4444ms|1|1|1|1
MUTANT 89|4669ms|1|1|1|1
MUTANT 90|4397ms|1|1|1|1
MUTANT 91|4620ms|1|1|1|1
MUTANT 92|4624ms|1|1|1|1
MUTANT 93|4178ms|1|1|1|1
MUTANT 94|4125ms|1|1|1|1
MUTANT 95|4290ms|1|1|1|1
MUTANT 96|4102ms|1|1|1|1
MUTANT 97|4124ms|1|1|1|1
MUTANT 98|4475ms|1|1|1|1
MUTANT 99|4112ms|1|1|1|1
MUTANT 100|4366ms|1|1|1|1
MUTANT 101|4009ms|1|1|1|1
MUTANT 102|4010ms|1|1|1|1
MUTANT 103|4023ms|1|1|1|1
MUTANT 104|3997ms|1|1|1|1
MUTANT 105|3910ms|1|1|1|1
MUTANT 106|4047ms|1|1|1|1
MUTANT 107|3966ms|1|1|1|1
MUTANT 108|5036ms|1|1|1|1
MUTANT 109|5230ms|1|1|1|1
MUTANT 110|5075ms|1|1|1|1
MUTANT 111|5160ms|1|1|1|1
MUTANT 112|4401ms|1|1|1|1
MUTANT 113|4053ms|1|1|1|1
MUTANT 114|4040ms|1|1|1|1
MUTANT 115|3981ms|1|1|1|1
MUTANT 116|2894ms|1|1|1|1
MUTANT 117|2884ms|1|1|1|1
MUTANT 118|3399ms|1|1|1|1
MUTANT 119|3321ms|1|1|1|1
MUTANT 120|4268ms|1|1|1|1
MUTANT 121|4199ms|1|1|1|1
MUTANT 122|4067ms|1|1|1|1
MUTANT 123|4082ms|1|1|1|1
MUTANT 124|4049ms|1|1|1|1
MUTANT 125|4216ms|1|1|1|1
MUTANT 127|4173ms|1|1|1|1
MUTANT 126|4279ms|1|1|1|1
MUTANT 128|4602ms|1|1|1|1
MUTANT 129|4374ms|1|1|1|1
MUTANT 130|4819ms|1|1|1|1
MUTANT 131|4778ms|1|1|1|1
MUTANT 132|4938ms|1|1|1|1
MUTANT 135|4338ms|1|1|1|1
MUTANT 133|5554ms|1|1|1|1
MUTANT 134|4456ms|1|1|1|1
MUTANT 136|4249ms|1|1|1|1
MUTANT 138|3692ms|1|1|1|1
MUTANT 137|4020ms|1|1|1|1
MUTANT 139|4339ms|1|1|1|1
MUTANT 140|4443ms|1|1|1|1
MUTANT 141|4562ms|1|1|1|1
MUTANT 142|4782ms|1|1|1|1
MUTANT 143|4521ms|1|1|1|1
MUTANT 144|3696ms|1|1|1|1
MUTANT 145|4288ms|1|1|1|1
MUTANT 146|3889ms|1|1|1|1
MUTANT 147|3810ms|1|1|1|1
MUTANT 148|5485ms|1|1|1|1
MUTANT 151|4772ms|1|1|1|1
MUTANT 149|4900ms|1|1|1|1
MUTANT 150|4863ms|1|1|1|1
MUTANT 152|4381ms|1|1|1|1
MUTANT 153|4262ms|1|1|1|1
MUTANT 154|4345ms|1|1|1|1
MUTANT 155|4891ms|1|1|1|1
MUTANT 157|4307ms|1|1|1|1
MUTANT 156|4621ms|1|1|1|1
MUTANT 158|5343ms|1|1|1|1
MUTANT 159|5067ms|1|1|1|1
MUTANT 160|4707ms|1|1|1|1
MUTANT 161|4810ms|1|1|1|1
MUTANT 162|4902ms|1|1|1|1
MUTANT 163|4843ms|1|1|1|1
MUTANT 164|4482ms|1|1|1|1
MUTANT 165|4660ms|1|1|1|1
MUTANT 166|4419ms|1|1|1|1
MUTANT 167|4231ms|1|1|1|1
MUTANT 168|3687ms|1|1|1|1
MUTANT 169|3628ms|1|1|1|1
MUTANT 170|3942ms|1|1|1|1
MUTANT 171|3945ms|1|1|1|1
MUTANT 172|4284ms|1|1|1|1
MUTANT 173|4106ms|1|1|1|1
MUTANT 174|4147ms|1|1|1|1
MUTANT 175|4486ms|1|1|1|1
MUTANT 176|4566ms|1|1|1|1
MUTANT 177|4865ms|1|1|1|1
MUTANT 178|4580ms|1|1|1|1
MUTANT 179|4571ms|1|1|1|1
MUTANT 180|4144ms|1|1|1|1
MUTANT 181|3926ms|1|1|1|1
MUTANT 182|3720ms|1|1|1|1
MUTANT 183|3722ms|1|1|1|1
MUTANT 184|3811ms|1|1|1|1
MUTANT 185|3902ms|1|1|1|1
MUTANT 186|4030ms|1|1|1|1
MUTANT 187|4130ms|1|1|1|1
MUTANT 188|4023ms|1|1|1|1
MUTANT 189|3891ms|1|1|1|1
MUTANT 190|4079ms|1|1|1|1
MUTANT 191|3916ms|1|1|1|1
MUTANT 192|3892ms|1|1|1|1
MUTANT 193|3869ms|1|1|1|1
MUTANT 194|3995ms|1|1|1|1
MUTANT 195|3963ms|1|1|1|1
MUTANT 196|3911ms|1|1|1|1
MUTANT 197|4004ms|1|1|1|1
MUTANT 198|4112ms|1|1|1|1
MUTANT 199|3921ms|1|1|1|1
MUTANT 200|3976ms|1|1|1|1
MUTANT 201|4199ms|1|1|1|1
MUTANT 203|3863ms|1|1|1|1
MUTANT 202|4014ms|1|1|1|1
MUTANT 204|3945ms|1|1|1|1
MUTANT 205|4125ms|1|1|1|1
MUTANT 207|3997ms|1|1|1|1
MUTANT 206|4043ms|1|1|1|1
MUTANT 208|4358ms|1|1|1|1
MUTANT 209|4434ms|1|1|1|1
MUTANT 211|4147ms|1|1|1|1
MUTANT 210|4213ms|1|1|1|1
MUTANT 212|4051ms|1|1|1|1
MUTANT 213|4089ms|1|1|1|1
MUTANT 214|4057ms|1|1|1|1
MUTANT 215|4052ms|1|1|1|1
MUTANT 216|4393ms|1|1|1|1
MUTANT 217|4410ms|1|1|1|1
MUTANT 218|4237ms|1|1|1|1
MUTANT 219|4265ms|1|1|1|1
MUTANT 220|3726ms|1|1|1|1
MUTANT 221|3746ms|1|1|1|1
MUTANT 222|3849ms|1|1|1|1
MUTANT 223|3845ms|1|1|1|1
MUTANT 224|3799ms|1|1|1|1
MUTANT 225|3871ms|1|1|1|1
MUTANT 226|3934ms|1|1|1|1
MUTANT 227|3916ms|1|1|1|1
MUTANT 228|3543ms|1|1|1|1
MUTANT 229|3629ms|1|1|1|1
MUTANT 230|3588ms|1|1|1|1
MUTANT 231|3596ms|1|1|1|1
MUTANT 232|3803ms|1|1|1|1
MUTANT 233|4013ms|1|1|1|1
MUTANT 234|3941ms|1|1|1|1
MUTANT 235|3903ms|1|1|1|1
MUTANT 236|4344ms|1|1|1|1
MUTANT 237|4403ms|1|1|1|1
MUTANT 238|4063ms|1|1|1|1
MUTANT 239|4220ms|1|1|1|1
MUTANT 240|4044ms|1|1|1|1
MUTANT 241|4061ms|1|1|1|1
MUTANT 242|4203ms|1|1|1|1
MUTANT 243|4256ms|1|1|1|1
MUTANT 244|4260ms|1|1|1|1
MUTANT 245|4220ms|1|1|1|1
MUTANT 246|4180ms|1|1|1|1
MUTANT 247|4059ms|1|1|1|1
MUTANT 248|4102ms|1|1|1|1
MUTANT 249|4173ms|1|1|1|1
MUTANT 250|4260ms|1|1|1|1
MUTANT 251|4193ms|1|1|1|1
MUTANT 252|4301ms|1|1|1|1
MUTANT 253|4021ms|1|1|1|1
MUTANT 254|4090ms|1|1|1|1
MUTANT 255|4088ms|1|1|1|1
MUTANT 256|4297ms|1|1|1|1
MUTANT 257|4367ms|1|1|1|1
MUTANT 258|4136ms|1|1|1|1
MUTANT 259|4134ms|1|1|1|1
MUTANT 260|4055ms|1|1|1|1
MUTANT 261|3939ms|1|1|1|1
MUTANT 262|4140ms|1|1|1|1
MUTANT 263|4194ms|1|1|1|1
MUTANT 264|4122ms|1|1|1|1
MUTANT 265|4441ms|1|1|1|1
MUTANT 266|3956ms|1|1|1|1
MUTANT 267|4110ms|1|1|1|1
MUTANT 268|4128ms|1|1|1|1
MUTANT 269|4056ms|1|1|1|1
MUTANT 270|4046ms|1|1|1|1
MUTANT 271|4159ms|1|1|1|1
MUTANT 272|3942ms|1|1|1|1
MUTANT 274|4063ms|1|1|1|1
MUTANT 273|4236ms|1|1|1|1
MUTANT 275|4363ms|1|1|1|1
MUTANT 276|4305ms|1|1|1|1
MUTANT 278|3905ms|1|1|1|1
MUTANT 277|4017ms|1|1|1|1
MUTANT 279|4215ms|1|1|1|1
MUTANT 280|4525ms|1|1|1|1
MUTANT 282|4274ms|1|1|1|1
MUTANT 281|4333ms|1|1|1|1
MUTANT 283|4202ms|1|1|1|1
MUTANT 284|4002ms|1|1|1|1
MUTANT 285|4059ms|1|1|1|1
MUTANT 286|4214ms|1|1|1|1
MUTANT 287|4028ms|1|1|1|1
MUTANT 288|3879ms|1|1|1|1
MUTANT 289|4000ms|1|1|1|1
MUTANT 290|4082ms|1|1|1|1
MUTANT 291|4029ms|1|1|1|1
MUTANT 292|4311ms|1|1|1|1
MUTANT 293|4379ms|1|1|1|1
MUTANT 295|4145ms|1|1|1|1
MUTANT 294|6394ms|1|1|1|1
MUTANT 296|4049ms|1|1|1|1
MUTANT 297|4031ms|1|1|1|1
MUTANT 298|3830ms|1|1|1|1
MUTANT 299|3981ms|1|1|1|1
MUTANT 300|4136ms|1|1|1|1
MUTANT 301|4068ms|1|1|1|1
MUTANT 302|4253ms|1|1|1|1
MUTANT 303|4463ms|1|1|1|1
MUTANT 304|3967ms|1|1|1|1
MUTANT 305|3790ms|1|1|1|1
MUTANT 306|3903ms|1|1|1|1
MUTANT 307|3734ms|1|1|1|1
MUTANT 308|3785ms|1|1|1|1
MUTANT 309|3829ms|1|1|1|1
MUTANT 310|3682ms|1|1|1|1
MUTANT 311|3966ms|1|1|1|1
MUTANT 312|4228ms|1|1|1|1
MUTANT 313|4389ms|1|1|1|1
MUTANT 314|4238ms|1|1|1|1
MUTANT 315|4365ms|1|1|1|1
MUTANT 316|4562ms|1|1|1|1
MUTANT 317|4403ms|1|1|1|1
MUTANT 318|4580ms|1|1|1|1
MUTANT 319|4258ms|1|1|1|1
MUTANT 320|4058ms|1|1|1|1
MUTANT 321|3472ms|1|1|1|1
MUTANT 322|3068ms|1|1|1|1
MUTANT 323|3275ms|1|1|1|1
MUTANT 324|3188ms|1|1|1|1
MUTANT 325|3322ms|1|1|1|1
MUTANT 326|3272ms|1|1|1|1
MUTANT 327|3290ms|1|1|1|1
MUTANT 328|3669ms|1|1|1|1
MUTANT 329|3429ms|1|1|1|1
MUTANT 330|3396ms|1|1|1|1
MUTANT 331|3533ms|1|1|1|1
MUTANT 333|3309ms|1|1|1|1
MUTANT 332|3366ms|1|1|1|1
MUTANT 334|3535ms|1|1|1|1
MUTANT 335|3861ms|1|1|1|1
MUTANT 337|3741ms|1|1|1|1
MUTANT 336|3842ms|1|1|1|1
MUTANT 338|3703ms|1|1|1|1
MUTANT 339|3216ms|1|1|1|1
MUTANT 341|2623ms|1|1|1|1
MUTANT 340|2749ms|1|1|1|1
MUTANT 342|2774ms|1|1|1|1
MUTANT 344|2331ms|1|1|1|1
MUTANT 343|2606ms|1|1|1|1
MUTANT 345|2531ms|1|1|1|1
MUTANT 346|2506ms|1|1|1|1
MUTANT 348|2278ms|1|1|1|1
MUTANT 347|2394ms|1|1|1|1
MUTANT 349|2179ms|1|1|1|1
MUTANT 350|2201ms|1|1|1|1
MUTANT 351|2070ms|1|1|1|1
MUTANT 352|2177ms|1|1|1|1
MUTANT 353|2171ms|1|1|1|1
MUTANT 354|2145ms|1|1|1|1
MUTANT 355|2143ms|1|1|1|1
MUTANT 356|2135ms|1|1|1|1
MUTANT 357|2246ms|1|1|1|1
MUTANT 358|2105ms|1|1|1|1
MUTANT 359|2293ms|1|1|1|1
MUTANT 360|2177ms|1|1|1|1
MUTANT 361|2192ms|1|1|1|1
MUTANT 362|2177ms|1|1|1|1
MUTANT 363|2148ms|1|1|1|1
MUTANT 364|2138ms|1|1|1|1
MUTANT 365|2179ms|1|1|1|1
MUTANT 366|2206ms|1|1|1|1
MUTANT 367|2237ms|1|1|1|1
MUTANT 368|2208ms|1|1|1|1
MUTANT 369|2239ms|1|1|1|1
MUTANT 370|2296ms|1|1|1|1
MUTANT 371|2238ms|1|1|1|1
MUTANT 372|2280ms|1|1|1|1
MUTANT 373|2297ms|1|1|1|1
MUTANT 374|2399ms|1|1|1|1
MUTANT 375|2325ms|1|1|1|1
MUTANT 376|2321ms|1|1|1|1
MUTANT 377|2177ms|1|1|1|1
MUTANT 378|2348ms|1|1|1|1
MUTANT 379|2297ms|1|1|1|1
MUTANT 380|2330ms|1|1|1|1
MUTANT 381|2290ms|1|1|1|1
MUTANT 382|2304ms|1|1|1|1
MUTANT 383|2302ms|1|1|1|1
MUTANT 384|2274ms|1|1|1|1
MUTANT 385|2268ms|1|1|1|1
MUTANT 386|2337ms|1|1|1|1
MUTANT 388|2278ms|1|1|1|1
MUTANT 389|2313ms|1|1|1|1
MUTANT 387|2451ms|1|1|1|1
MUTANT 390|2298ms|1|1|1|1
MUTANT 393|2379ms|1|1|1|1
MUTANT 391|2501ms|1|1|1|1
MUTANT 392|2492ms|1|1|1|1
MUTANT 394|2106ms|1|1|1|1
MUTANT 395|2353ms|1|1|1|1
MUTANT 396|2424ms|1|1|1|1
MUTANT 398|2292ms|1|1|1|1
MUTANT 397|2476ms|1|1|1|1
MUTANT 399|2569ms|1|1|1|1
MUTANT 400|2496ms|1|1|1|1
MUTANT 402|2386ms|1|1|1|1
MUTANT 401|2737ms|1|1|1|1
MUTANT 405|2424ms|1|1|1|1
MUTANT 404|2504ms|1|1|1|1
MUTANT 406|2255ms|1|1|1|1
MUTANT 403|2555ms|1|1|1|1
MUTANT 407|2412ms|1|1|1|1
MUTANT 410|2315ms|1|1|1|1
MUTANT 408|2386ms|1|1|1|1
MUTANT 409|2467ms|1|1|1|1
MUTANT 411|2536ms|1|1|1|1
MUTANT 412|2536ms|1|1|1|1
MUTANT 413|2575ms|1|1|1|1
MUTANT 414|2522ms|1|1|1|1
MUTANT 416|2566ms|1|1|1|1
MUTANT 418|2469ms|1|1|1|1
MUTANT 417|2524ms|1|1|1|1
MUTANT 415|2691ms|1|1|1|1
MUTANT 421|2439ms|1|1|1|1
MUTANT 420|2467ms|1|1|1|1
MUTANT 419|2561ms|1|1|1|1
MUTANT 422|2491ms|1|1|1|1
MUTANT 424|2509ms|1|1|1|1
MUTANT 426|2382ms|1|1|1|1
MUTANT 423|2594ms|1|1|1|1
MUTANT 425|2554ms|1|1|1|1
MUTANT 430|2550ms|1|1|1|1
MUTANT 428|2567ms|1|1|1|1
MUTANT 429|2702ms|1|1|1|1
MUTANT 427|2730ms|1|1|1|1
MUTANT 431|2562ms|1|1|0|0
MUTANT 432|2684ms|1|1|1|1
MUTANT 434|2545ms|1|1|1|1
MUTANT 435|2607ms|-2|-2|-2|-2
MUTANT 436|2511ms|-2|-2|-2|-2
MUTANT 437|2555ms|-2|-2|-2|-2
MUTANT 440|2487ms|1|1|1|1
MUTANT 439|2635ms|1|1|1|1
MUTANT 442|2509ms|1|0|0|0
MUTANT 443|2763ms|1|1|1|1
MUTANT 444|2657ms|1|1|1|1
MUTANT 445|2774ms|1|1|1|1
MUTANT 446|3014ms|1|1|1|1
MUTANT 447|2661ms|1|1|1|1
MUTANT 448|2737ms|1|1|1|1
MUTANT 449|2814ms|1|1|1|1
MUTANT 450|2816ms|1|1|1|1
MUTANT 451|2825ms|1|1|1|1
MUTANT 452|2783ms|1|1|1|1
MUTANT 453|2783ms|1|1|0|0
MUTANT 454|2907ms|1|1|0|0
MUTANT 455|2778ms|1|1|1|1
MUTANT 456|2962ms|1|1|1|1
MUTANT 457|2928ms|1|1|1|1
MUTANT 458|3063ms|1|1|1|1
MUTANT 459|3087ms|1|1|1|1
MUTANT 460|2912ms|1|1|1|1
MUTANT 461|3022ms|1|1|1|1
MUTANT 463|3014ms|1|1|0|0
MUTANT 462|3064ms|-2|-2|-2|-2
MUTANT 464|3127ms|1|1|0|0
MUTANT 465|2949ms|-2|-2|-2|-2
MUTANT 466|3226ms|1|1|1|1
MUTANT 467|3269ms|-2|-2|-2|-2
MUTANT 468|3241ms|-2|-2|-2|-2
MUTANT 469|3181ms|1|1|1|1
MUTANT 470|3871ms|1|1|1|1
MUTANT 471|3932ms|1|1|1|1
MUTANT 472|3910ms|1|1|1|1
MUTANT 473|3967ms|1|1|1|1
MUTANT 474|3661ms|1|1|1|1
MUTANT 476|3567ms|1|1|1|1
MUTANT 475|3757ms|1|1|1|1
MUTANT 477|3629ms|1|1|1|1
MUTANT 478|3705ms|1|1|1|1
MUTANT 479|3787ms|1|1|1|1
MUTANT 480|3809ms|1|1|1|1
MUTANT 481|3856ms|1|1|1|1
MUTANT 482|4036ms|1|1|1|1
MUTANT 483|3781ms|1|1|1|1
MUTANT 484|4009ms|1|1|0|0
MUTANT 485|3952ms|1|1|1|1
MUTANT 486|3794ms|1|1|1|1
MUTANT 487|3929ms|1|1|1|1
MUTANT 488|3762ms|1|1|1|1
MUTANT 489|3785ms|1|1|1|1
MUTANT 490|3865ms|1|1|1|1
MUTANT 492|3738ms|1|1|1|1
MUTANT 491|3976ms|1|1|1|1
MUTANT 493|3891ms|1|1|1|1
MUTANT 494|3714ms|1|1|1|1
MUTANT 495|3588ms|1|1|1|1
MUTANT 496|3796ms|1|1|0|0
MUTANT 497|3660ms|1|1|0|0
MUTANT 498|3443ms|1|1|0|0
MUTANT 499|3482ms|1|1|0|0
MUTANT 500|3343ms|1|1|1|1
MUTANT 501|3359ms|1|1|1|1
MUTANT 502|3219ms|1|1|1|1
MUTANT 503|3370ms|1|1|1|1
MUTANT 504|3205ms|1|1|1|1
MUTANT 505|3389ms|1|1|1|1
MUTANT 506|3492ms|1|1|1|1
MUTANT 507|3339ms|1|1|1|1
MUTANT 508|3375ms|1|1|1|1
MUTANT 509|3450ms|1|1|1|1
MUTANT 510|3168ms|1|1|0|0
MUTANT 512|3175ms|1|1|1|1
MUTANT 511|3273ms|1|1|0|0
MUTANT 513|3299ms|1|1|1|1
MUTANT 514|3352ms|1|1|1|1
MUTANT 516|3228ms|1|1|1|1
MUTANT 515|3323ms|1|1|1|1
MUTANT 517|3306ms|1|1|1|1
MUTANT 518|3365ms|-2|-2|-2|-2
MUTANT 519|3375ms|1|1|1|1
MUTANT 520|3411ms|1|1|1|1
MUTANT 521|3518ms|1|1|1|1
MUTANT 523|3448ms|1|1|1|1
MUTANT 522|3500ms|1|1|1|1
MUTANT 524|3514ms|-2|-2|-2|-2
MUTANT 525|3718ms|1|1|1|1
MUTANT 526|3201ms|1|1|1|1
MUTANT 527|3222ms|-2|-2|-2|-2
MUTANT 528|3410ms|1|1|0|0
MUTANT 529|3396ms|1|1|0|0
MUTANT 530|3445ms|1|1|1|1
MUTANT 531|3500ms|1|1|1|1
MUTANT 532|3523ms|1|1|1|1
MUTANT 533|3559ms|1|1|1|1
MUTANT 534|3374ms|1|1|1|1
MUTANT 535|3385ms|1|1|1|1
MUTANT 536|3521ms|1|1|1|1
MUTANT 537|3395ms|1|1|1|1
MUTANT 538|3388ms|1|1|1|1
MUTANT 539|3283ms|1|1|1|1
MUTANT 540|3522ms|-2|-2|-2|-2
MUTANT 541|3466ms|1|1|0|0
MUTANT 542|3454ms|1|1|0|0
MUTANT 543|3473ms|1|1|1|1
MUTANT 544|3412ms|1|1|1|1
MUTANT 545|3452ms|1|1|1|1
MUTANT 546|3273ms|-2|-2|-2|-2
MUTANT 547|3408ms|1|1|1|1
MUTANT 548|3454ms|1|1|1|1
MUTANT 549|3306ms|1|1|1|1
MUTANT 550|3438ms|1|1|1|1
MUTANT 551|3468ms|1|1|1|1
MUTANT 552|3407ms|-2|-2|-2|-2
MUTANT 553|3509ms|1|1|1|1
MUTANT 554|3409ms|1|1|1|1
MUTANT 555|3388ms|1|1|1|1
MUTANT 556|3547ms|1|1|1|1
MUTANT 557|3504ms|1|1|0|0
MUTANT 558|3438ms|1|1|0|0
MUTANT 559|3311ms|1|1|1|1
MUTANT 560|3370ms|1|1|1|1
MUTANT 561|3375ms|1|1|1|1
MUTANT 562|3385ms|-2|-2|-2|-2
MUTANT 563|3389ms|1|1|1|1
MUTANT 564|3396ms|-2|-2|-2|-2
MUTANT 565|3688ms|1|1|1|1
MUTANT 566|3355ms|1|1|1|1
MUTANT 567|3461ms|1|1|1|1
MUTANT 568|3425ms|1|1|1|1
MUTANT 569|3357ms|1|1|1|1
MUTANT 570|3350ms|1|1|1|1
MUTANT 571|3311ms|1|1|1|1
MUTANT 572|3419ms|1|1|1|1
MUTANT 573|3428ms|1|1|1|1
MUTANT 574|3276ms|1|1|1|1
MUTANT 575|3415ms|1|1|0|0
MUTANT 576|3599ms|1|0|0|0
MUTANT 577|3490ms|1|1|1|1
MUTANT 578|3590ms|1|1|1|1
MUTANT 579|3499ms|1|1|0|0
MUTANT 580|3256ms|-2|-2|-2|-2
MUTANT 581|3648ms|-2|-2|-2|-2
MUTANT 582|3190ms|-2|-2|-2|-2
MUTANT 583|3364ms|-2|-2|-2|-2
MUTANT 584|3285ms|1|1|0|0
MUTANT 585|3400ms|-2|-2|-2|-2
MUTANT 586|3277ms|-2|-2|-2|-2
MUTANT 587|3328ms|-2|-2|-2|-2
MUTANT 588|3441ms|1|1|1|1
MUTANT 589|3427ms|-2|-2|-2|-2
MUTANT 590|3192ms|-2|-2|-2|-2
MUTANT 591|3313ms|-2|-2|-2|-2
MUTANT 592|3288ms|-2|-2|-2|-2
MUTANT 593|3284ms|-2|-2|-2|-2
MUTANT 594|3394ms|1|1|0|0
MUTANT 595|3400ms|1|1|1|1
MUTANT 596|3346ms|-2|-2|-2|-2
MUTANT 597|3459ms|-2|-2|-2|-2
MUTANT 598|3512ms|1|1|1|1
MUTANT 599|3210ms|-2|-2|-2|-2
MUTANT 600|3435ms|1|1|1|1
MUTANT 601|3346ms|1|1|1|1
MUTANT 602|3363ms|-2|-2|-2|-2
MUTANT 603|3408ms|-2|-2|-2|-2
MUTANT 604|3393ms|1|1|1|1
MUTANT 605|3393ms|1|1|1|1
MUTANT 606|3530ms|1|1|1|1
MUTANT 607|3426ms|1|1|0|0
MUTANT 608|3338ms|1|1|1|1
MUTANT 609|3485ms|1|1|0|0
MUTANT 610|3499ms|1|1|0|0
MUTANT 611|3692ms|1|1|0|0
MUTANT 612|3532ms|1|1|1|1
MUTANT 613|3671ms|1|1|1|1
MUTANT 614|3533ms|1|1|1|1
MUTANT 615|3522ms|1|1|1|1
MUTANT 616|3612ms|1|1|0|0
MUTANT 617|3489ms|1|1|1|1
MUTANT 618|3563ms|1|1|1|1
MUTANT 619|3515ms|1|1|1|1
MUTANT 620|3419ms|1|1|1|1
MUTANT 621|3354ms|1|1|1|1
MUTANT 622|3471ms|1|1|1|1
MUTANT 623|3514ms|1|1|1|1
MUTANT 624|3446ms|1|1|1|1
MUTANT 625|3553ms|1|1|1|1
MUTANT 626|3530ms|1|1|1|1
MUTANT 627|3483ms|1|1|1|1
MUTANT 628|3329ms|1|1|1|1
MUTANT 629|3408ms|1|1|1|1
MUTANT 630|3471ms|1|1|0|0
MUTANT 631|3402ms|1|1|0|0
MUTANT 632|3519ms|1|0|0|0
MUTANT 633|3388ms|1|1|0|0
MUTANT 634|3539ms|1|1|1|1
MUTANT 635|3366ms|1|1|1|1
MUTANT 636|3333ms|1|1|1|1
MUTANT 637|3452ms|1|1|1|1
MUTANT 638|3259ms|1|1|1|1
MUTANT 639|3418ms|-2|-2|-2|-2
MUTANT 640|3531ms|1|1|1|1
MUTANT 641|3462ms|1|1|1|1
MUTANT 642|3634ms|1|1|1|1
MUTANT 643|3494ms|1|1|1|1
MUTANT 644|3420ms|1|1|1|1
MUTANT 645|3506ms|1|1|1|1
MUTANT 647|3378ms|1|1|1|1
MUTANT 646|3621ms|1|1|1|1
MUTANT 648|3594ms|-2|-2|-2|-2
MUTANT 649|3371ms|-2|-2|-2|-2
MUTANT 650|3511ms|1|1|1|1
MUTANT 651|3439ms|1|1|1|1
MUTANT 652|3382ms|1|1|1|1
MUTANT 653|3422ms|1|1|0|0
MUTANT 654|3312ms|1|0|0|0
MUTANT 655|3529ms|1|1|1|1
MUTANT 656|3552ms|1|1|1|1
MUTANT 657|3499ms|1|1|1|1
MUTANT 658|3485ms|1|1|1|1
MUTANT 659|3512ms|1|1|1|1
MUTANT 660|3568ms|1|1|0|0
MUTANT 661|3510ms|1|1|1|1
MUTANT 662|3789ms|1|1|1|1
MUTANT 663|3811ms|1|1|1|1
MUTANT 664|3833ms|1|1|1|1
MUTANT 665|3866ms|1|1|1|1
MUTANT 666|3817ms|1|1|1|1
MUTANT 667|3537ms|1|1|1|1
MUTANT 668|3592ms|1|1|1|1
MUTANT 669|3420ms|1|1|1|1
MUTANT 670|3379ms|1|1|1|1
MUTANT 671|3562ms|1|1|1|1
MUTANT 672|3431ms|1|1|1|1
MUTANT 673|3473ms|1|1|1|1
MUTANT 674|3612ms|1|1|1|1
MUTANT 675|3684ms|1|1|1|1
MUTANT 676|3527ms|1|1|0|0
MUTANT 677|3444ms|1|1|0|0
MUTANT 678|3397ms|1|1|1|1
MUTANT 679|3418ms|1|1|1|1
MUTANT 680|3590ms|1|1|1|1
MUTANT 681|3263ms|1|1|1|1
MUTANT 682|3360ms|1|1|1|1
MUTANT 683|3342ms|1|1|1|1
MUTANT 684|3304ms|1|1|1|1
MUTANT 685|3301ms|1|1|1|1
MUTANT 686|3476ms|1|1|1|1
MUTANT 687|3373ms|1|1|1|1
MUTANT 688|3394ms|1|1|0|0
MUTANT 689|3540ms|1|1|1|1
MUTANT 690|3843ms|1|1|0|0
MUTANT 691|3701ms|1|1|1|1
MUTANT 692|3595ms|1|1|1|1
MUTANT 693|3460ms|1|1|1|1
MUTANT 697|3616ms|1|1|1|1
MUTANT 694|3859ms|1|1|1|1
MUTANT 696|3864ms|1|1|1|1
MUTANT 695|3885ms|1|1|1|1
MUTANT 701|3706ms|-2|-2|-2|-2
MUTANT 699|3893ms|1|1|1|1
MUTANT 700|3916ms|1|1|1|1
MUTANT 698|4241ms|1|1|1|1
MUTANT 702|3632ms|1|1|1|1
MUTANT 703|3486ms|-2|-2|-2|-2
MUTANT 704|3587ms|1|1|1|1
MUTANT 705|3559ms|1|1|1|1
MUTANT 706|3052ms|1|1|1|1
MUTANT 707|3132ms|1|1|1|1
MUTANT 708|3870ms|1|1|1|1
MUTANT 709|3936ms|1|1|1|1
MUTANT 711|3967ms|1|1|1|1
MUTANT 710|4095ms|1|1|1|1
MUTANT 713|3572ms|1|1|1|1
MUTANT 712|3671ms|1|1|1|1
MUTANT 714|3557ms|1|1|1|1
MUTANT 715|3630ms|1|1|1|1
MUTANT 716|3764ms|1|1|1|1
MUTANT 717|3750ms|1|1|1|1
MUTANT 718|3866ms|1|1|1|1
MUTANT 719|3711ms|1|1|1|1
MUTANT 720|3440ms|1|1|1|1
MUTANT 722|3605ms|1|1|1|1
MUTANT 723|3646ms|1|1|1|1
MUTANT 721|3858ms|1|1|1|1
MUTANT 724|3720ms|1|1|1|1
MUTANT 725|3585ms|1|1|1|1
MUTANT 726|3576ms|1|1|1|1
MUTANT 727|3590ms|1|1|1|1
MUTANT 728|3530ms|1|1|1|1
MUTANT 729|3589ms|1|1|1|1
MUTANT 730|3554ms|1|1|1|1
MUTANT 731|3570ms|1|1|1|1
MUTANT 733|3264ms|1|1|1|1
MUTANT 732|3508ms|1|1|1|1
MUTANT 734|3367ms|1|1|1|1
MUTANT 737|3453ms|1|1|1|1
MUTANT 738|3426ms|1|1|1|1
MUTANT 736|3676ms|1|1|1|1
MUTANT 739|3169ms|1|1|1|1
MUTANT 740|3127ms|1|1|1|1
MUTANT 741|3090ms|1|1|1|1
MUTANT 742|3486ms|1|1|1|1
MUTANT 743|3610ms|1|1|1|1
MUTANT 744|3695ms|1|1|1|1
MUTANT 745|3766ms|1|1|1|1
MUTANT 746|3390ms|1|1|1|1
MUTANT 747|3425ms|1|1|1|1
MUTANT 748|3478ms|1|1|1|1
MUTANT 749|3330ms|1|1|1|1
MUTANT 750|3457ms|1|1|1|1
MUTANT 751|3465ms|1|1|1|1
MUTANT 752|3513ms|1|1|1|1
MUTANT 753|3555ms|1|1|1|1
MUTANT 754|3624ms|1|1|1|1
MUTANT 755|3596ms|1|1|1|1
MUTANT 756|3423ms|1|1|1|1
MUTANT 757|3564ms|1|1|1|1
MUTANT 758|3437ms|1|1|1|1
MUTANT 759|3505ms|1|1|1|1
MUTANT 760|3420ms|1|1|1|1
MUTANT 761|3633ms|1|1|1|1
MUTANT 762|3449ms|1|1|1|1
MUTANT 763|3427ms|1|1|1|1
MUTANT 764|3447ms|1|1|1|1
MUTANT 765|3543ms|1|1|1|1
MUTANT 766|3551ms|1|1|1|1
MUTANT 767|3491ms|1|1|1|1
MUTANT 768|3575ms|1|1|1|1
MUTANT 769|3459ms|1|1|1|1
MUTANT 770|3479ms|1|1|1|1
MUTANT 771|3473ms|1|1|1|1
MUTANT 772|3411ms|1|1|1|1
MUTANT 773|3491ms|1|1|1|1
MUTANT 774|3491ms|1|1|1|1
MUTANT 775|3405ms|1|1|1|1
MUTANT 776|3533ms|1|1|1|1
MUTANT 777|3642ms|1|1|1|1
MUTANT 778|3600ms|1|1|1|1
MUTANT 779|3666ms|1|1|1|1
MUTANT 780|3761ms|1|1|1|1
MUTANT 781|3522ms|1|1|1|1
MUTANT 782|3579ms|1|1|1|1
MUTANT 783|3493ms|1|1|1|1
MUTANT 784|3544ms|1|1|1|1
MUTANT 785|3481ms|1|1|1|1
MUTANT 786|3508ms|1|1|1|1
MUTANT 787|3682ms|1|1|1|1
MUTANT 788|3440ms|1|1|1|1
MUTANT 789|3548ms|1|1|1|1
MUTANT 790|3354ms|1|1|1|1
MUTANT 791|3574ms|1|1|1|1
MUTANT 792|3503ms|1|1|1|1
MUTANT 793|3514ms|1|1|1|1
MUTANT 794|3497ms|1|1|1|1
MUTANT 796|3468ms|1|1|1|1
MUTANT 795|3762ms|1|1|1|1
MUTANT 797|3495ms|1|1|1|1
MUTANT 798|3498ms|1|1|1|1
MUTANT 799|3321ms|1|1|1|1
MUTANT 800|3476ms|1|1|1|1
MUTANT 801|3569ms|1|1|1|1
MUTANT 802|3557ms|1|1|1|1
MUTANT 803|3512ms|1|1|1|1
MUTANT 804|3650ms|1|1|1|1
MUTANT 805|3386ms|1|1|1|1
MUTANT 806|3393ms|1|1|1|1
MUTANT 807|3600ms|1|1|1|1
MUTANT 808|3558ms|1|1|1|1
MUTANT 809|3435ms|1|1|1|1
MUTANT 810|3442ms|1|1|1|1
MUTANT 811|3602ms|1|1|1|1
MUTANT 812|3488ms|1|1|1|1
MUTANT 813|3525ms|1|1|1|1
MUTANT 814|3574ms|1|1|1|1
MUTANT 815|3462ms|1|1|1|1
MUTANT 816|3550ms|1|1|1|1
MUTANT 817|3455ms|1|1|1|1
MUTANT 818|3516ms|1|1|1|1
MUTANT 819|3532ms|1|1|1|1
MUTANT 820|3560ms|1|1|1|1
MUTANT 821|3568ms|1|1|1|1
MUTANT 822|3441ms|1|1|1|1
MUTANT 823|3659ms|1|1|1|1
MUTANT 824|3414ms|1|1|1|1
MUTANT 825|3447ms|1|1|1|1
MUTANT 826|3493ms|1|1|1|1
MUTANT 827|3478ms|1|1|1|1
MUTANT 828|3434ms|1|1|1|1
MUTANT 829|3429ms|1|1|1|1
MUTANT 830|3441ms|1|1|1|1
MUTANT 831|3449ms|1|1|1|1
MUTANT 832|3512ms|1|1|1|1
MUTANT 833|3434ms|1|1|1|1
MUTANT 834|3516ms|1|1|1|1
MUTANT 835|3469ms|1|1|1|1
MUTANT 836|3548ms|1|1|1|1
MUTANT 837|3656ms|1|1|1|1
MUTANT 838|3486ms|1|1|1|1
MUTANT 839|3491ms|1|1|1|1
MUTANT 840|3515ms|1|1|1|1
MUTANT 841|3515ms|1|1|1|1
MUTANT 842|3670ms|1|1|1|1
MUTANT 843|3463ms|1|1|1|1
MUTANT 844|3580ms|1|1|1|1
MUTANT 845|3722ms|1|1|1|1
MUTANT 846|3519ms|1|1|1|1
MUTANT 847|3565ms|1|1|1|1
MUTANT 848|3425ms|1|1|1|1
MUTANT 849|3330ms|1|1|1|1
MUTANT 850|3465ms|1|1|1|1
MUTANT 851|3443ms|1|1|1|1
MUTANT 852|3487ms|1|1|1|1
MUTANT 853|3924ms|1|1|1|1
MUTANT 854|3504ms|1|1|1|1
MUTANT 855|3398ms|1|1|1|1
MUTANT 856|3590ms|1|1|1|1
MUTANT 857|3595ms|1|1|1|1
MUTANT 858|3604ms|1|1|1|1
MUTANT 859|3552ms|1|1|1|1
MUTANT 860|3584ms|1|1|1|1
MUTANT 861|3442ms|1|1|1|1
MUTANT 862|3357ms|1|1|1|1
MUTANT 863|3462ms|1|1|1|1
MUTANT 864|3396ms|1|1|1|1
MUTANT 865|3408ms|1|1|1|1
MUTANT 866|3662ms|1|1|1|1
MUTANT 867|3605ms|1|1|1|1
MUTANT 868|3505ms|1|1|1|1
MUTANT 869|3655ms|1|1|1|1
MUTANT 870|3712ms|1|1|1|1
MUTANT 871|3634ms|1|1|1|1
MUTANT 872|3618ms|1|1|1|1
MUTANT 873|3565ms|1|1|1|1
MUTANT 874|3525ms|1|1|1|1
MUTANT 875|3577ms|1|1|1|1
MUTANT 876|3481ms|1|1|1|1
MUTANT 877|3428ms|1|1|1|1
MUTANT 878|3406ms|1|1|1|1
MUTANT 879|3456ms|1|1|1|1
MUTANT 880|3471ms|1|1|1|1
MUTANT 881|3521ms|1|1|1|1
MUTANT 882|3562ms|1|1|1|1
MUTANT 883|3430ms|1|1|1|1
MUTANT 884|3559ms|1|1|1|1
MUTANT 885|3518ms|1|1|1|1
MUTANT 886|3692ms|1|1|1|1
MUTANT 887|3508ms|1|1|1|1
MUTANT 888|3607ms|1|1|1|1
MUTANT 889|3455ms|1|1|1|1
MUTANT 890|3532ms|1|1|1|1
MUTANT 891|3549ms|1|1|1|1
MUTANT 892|3543ms|1|1|1|1
MUTANT 893|3519ms|1|1|1|1
MUTANT 894|3463ms|1|1|1|1
MUTANT 895|3495ms|1|1|1|1
MUTANT 896|3594ms|1|1|1|1
MUTANT 897|3415ms|1|1|1|1
MUTANT 898|3460ms|1|1|1|1
MUTANT 899|3533ms|1|1|1|1
MUTANT 900|3718ms|1|1|1|1
MUTANT 901|3614ms|1|1|1|1
MUTANT 902|3639ms|1|1|1|1
MUTANT 903|3534ms|1|1|1|1
MUTANT 904|3480ms|1|1|1|1
MUTANT 905|3578ms|1|1|1|1
MUTANT 906|3471ms|1|1|1|1
MUTANT 907|3509ms|1|1|1|1
MUTANT 908|3641ms|1|1|1|1
MUTANT 909|3668ms|1|1|1|1
MUTANT 910|3409ms|1|1|1|1
MUTANT 911|3587ms|1|1|1|1
MUTANT 912|3425ms|1|1|1|1
MUTANT 913|3805ms|1|1|1|1
MUTANT 914|3618ms|1|1|1|1
MUTANT 915|3761ms|1|1|1|1
MUTANT 916|3858ms|1|1|1|1
MUTANT 917|3476ms|1|1|1|1
MUTANT 918|3636ms|1|1|1|1
MUTANT 919|3507ms|1|1|1|1
MUTANT 920|3561ms|1|1|1|1
MUTANT 921|3487ms|1|1|1|1
MUTANT 922|3554ms|1|1|1|1
MUTANT 923|3483ms|1|1|1|1
MUTANT 924|3509ms|1|1|1|1
MUTANT 925|3453ms|1|1|1|1
MUTANT 927|3442ms|1|1|1|1
MUTANT 926|3655ms|1|1|1|1
MUTANT 928|3747ms|1|1|1|1
MUTANT 929|3511ms|1|1|1|1
MUTANT 931|3498ms|1|1|1|1
MUTANT 930|3540ms|1|1|1|1
MUTANT 932|3574ms|1|1|1|1
MUTANT 933|3474ms|1|1|1|1
MUTANT 935|3575ms|1|1|1|1
MUTANT 934|3706ms|1|1|1|1
MUTANT 936|3759ms|1|1|1|1
MUTANT 937|3606ms|1|1|1|1
MUTANT 938|3607ms|1|1|1|1
MUTANT 939|3539ms|1|1|1|1
MUTANT 940|3702ms|1|1|1|1
MUTANT 941|3638ms|1|1|1|1
MUTANT 942|3626ms|1|1|1|1
MUTANT 943|3646ms|1|1|1|1
MUTANT 944|3461ms|1|1|1|1
MUTANT 945|3556ms|1|1|1|1
MUTANT 946|3581ms|1|1|1|1
MUTANT 947|3594ms|1|1|1|1
MUTANT 948|3582ms|1|1|1|1
MUTANT 949|3666ms|1|1|1|1
MUTANT 950|3481ms|1|1|1|1
MUTANT 951|3511ms|1|1|1|1
MUTANT 952|3531ms|1|1|1|1
MUTANT 953|3448ms|1|1|1|1
MUTANT 954|3432ms|1|1|1|1
MUTANT 955|3566ms|1|1|1|1
MUTANT 956|3560ms|1|1|1|1
MUTANT 957|3574ms|1|1|1|1
MUTANT 958|3517ms|1|1|1|1
MUTANT 959|3698ms|1|1|1|1
MUTANT 960|3364ms|1|1|1|1
MUTANT 961|3472ms|1|1|1|1
MUTANT 962|3433ms|1|1|1|1
MUTANT 963|3414ms|1|1|1|1
MUTANT 964|3365ms|1|1|1|1
MUTANT 965|3494ms|1|1|1|1
MUTANT 966|3511ms|1|1|1|1
MUTANT 967|3372ms|1|1|1|1
MUTANT 968|3491ms|1|1|1|1
MUTANT 969|3426ms|1|1|1|1
MUTANT 970|3501ms|1|1|1|1
MUTANT 971|3621ms|1|1|1|1
MUTANT 972|3533ms|1|1|1|1
MUTANT 973|3428ms|1|1|1|1
MUTANT 974|3431ms|1|1|1|1
MUTANT 975|3469ms|1|1|1|1
MUTANT 976|3601ms|1|1|1|1
MUTANT 977|3477ms|1|1|1|1
MUTANT 978|3571ms|1|1|1|1
MUTANT 979|3575ms|1|1|1|1
MUTANT 980|3697ms|1|1|1|1
MUTANT 981|3517ms|1|1|1|1
MUTANT 982|3654ms|1|1|1|1
MUTANT 983|3530ms|1|1|1|1
MUTANT 984|3563ms|1|1|1|1
MUTANT 985|3441ms|1|1|1|1
MUTANT 987|3283ms|1|1|1|1
MUTANT 986|3555ms|1|1|1|1
MUTANT 988|3571ms|1|1|1|1
MUTANT 989|3528ms|1|1|1|1
MUTANT 990|3408ms|1|1|1|1
MUTANT 991|3436ms|1|1|1|1
MUTANT 992|3412ms|1|1|1|1
MUTANT 993|3516ms|1|1|1|1
MUTANT 994|3481ms|1|1|1|1
MUTANT 995|3524ms|1|1|1|1
MUTANT 996|3476ms|1|1|1|1
MUTANT 997|3389ms|1|1|1|1
MUTANT 998|3229ms|1|1|1|1
MUTANT 999|3305ms|1|1|1|1
MUTANT 1001|3311ms|1|1|1|1
MUTANT 1000|3389ms|1|1|1|1
MUTANT 1002|3562ms|1|1|1|1
MUTANT 1003|3489ms|1|1|1|1
MUTANT 1005|3519ms|1|1|1|1
MUTANT 1004|3597ms|1|1|1|1
MUTANT 1007|3432ms|1|1|1|1
MUTANT 1006|3643ms|1|1|1|1
MUTANT 1008|3512ms|1|1|1|1
MUTANT 1009|3452ms|1|1|1|1
MUTANT 1010|3488ms|1|1|1|1
MUTANT 1011|3504ms|1|1|1|1
MUTANT 1013|3579ms|1|1|1|1
MUTANT 1012|3760ms|1|1|1|1
MUTANT 1014|3504ms|1|1|1|1
MUTANT 1015|3619ms|1|1|1|1
MUTANT 1016|3490ms|1|1|1|1
MUTANT 1017|3411ms|1|1|1|1
MUTANT 1018|3567ms|1|1|1|1
MUTANT 1019|3444ms|1|1|1|1
MUTANT 1020|3388ms|1|1|1|1
MUTANT 1021|3438ms|1|1|1|1
MUTANT 1022|3552ms|1|1|1|1
MUTANT 1023|3519ms|1|1|1|1
MUTANT 1024|3480ms|1|1|1|1
MUTANT 1025|3388ms|1|1|1|1
MUTANT 1026|3325ms|1|1|1|1
MUTANT 1027|3226ms|1|1|1|1
MUTANT 1028|3380ms|1|1|1|1
MUTANT 1029|3462ms|1|1|1|1
MUTANT 1030|3374ms|1|1|1|1
MUTANT 1031|3725ms|1|1|1|1
MUTANT 1032|3370ms|1|1|1|1
MUTANT 1033|3257ms|1|1|1|1
MUTANT 1034|3416ms|1|1|1|1
MUTANT 1035|3446ms|1|1|1|1
MUTANT 1036|3710ms|1|1|1|1
MUTANT 1037|3719ms|1|1|1|1
MUTANT 1038|3881ms|1|1|1|1
MUTANT 1039|3529ms|1|1|1|1
MUTANT 1040|4445ms|1|1|1|1
MUTANT 1041|4415ms|1|1|1|1
MUTANT 1043|2708ms|1|1|1|1
MUTANT 1042|2773ms|1|1|1|1
MUTANT 1046|3100ms|1|1|1|1
MUTANT 1047|3150ms|1|1|1|1
MUTANT 1044|3608ms|1|1|1|1
MUTANT 1045|3910ms|1|1|1|1
MUTANT 1048|2226ms|1|1|1|1
MUTANT 1049|2327ms|1|1|1|1
MUTANT 1050|2443ms|1|1|1|1
MUTANT 1051|2361ms|1|1|1|1
MUTANT 1052|3018ms|1|1|1|1
MUTANT 1053|2983ms|1|1|1|1
MUTANT 1054|3299ms|1|1|1|1
MUTANT 1055|3779ms|1|1|1|1
MUTANT 1069|7705ms|1|1|1|1
MUTANT 1071|7000ms|1|1|1|1
MUTANT 1070|8235ms|1|1|1|1
MUTANT 1068|10381ms|1|1|1|1
MUTANT 1072|3135ms|1|1|1|1
MUTANT 1073|3229ms|1|1|1|1
MUTANT 1074|2654ms|1|1|1|1
MUTANT 1075|2451ms|1|1|1|1
MUTANT 1076|2383ms|1|1|1|1
MUTANT 1077|2397ms|1|1|1|1
MUTANT 1078|2359ms|1|1|1|1
MUTANT 1079|2203ms|1|1|1|1
MUTANT 1080|2342ms|1|1|1|1
MUTANT 1081|2268ms|1|1|1|1
MUTANT 1082|2683ms|1|1|1|1
MUTANT 1083|3425ms|1|1|0|0
MUTANT 1084|3309ms|1|1|1|1
MUTANT 1085|3326ms|1|1|1|1
MUTANT 1086|2811ms|1|1|1|1
MUTANT 1087|2266ms|1|1|1|1
MUTANT 1088|2255ms|1|1|1|1
MUTANT 1089|2487ms|1|1|1|1
MUTANT 1090|2178ms|1|1|1|1
MUTANT 1091|2582ms|1|1|1|1
MUTANT 1092|2695ms|1|1|1|1
MUTANT 1093|2658ms|1|1|1|1
MUTANT 1094|2489ms|1|1|1|1
MUTANT 1095|2241ms|1|1|1|1
MUTANT 1096|2250ms|1|1|1|1
MUTANT 1098|2142ms|1|1|1|1
MUTANT 1097|2207ms|1|1|1|1
MUTANT 1099|2106ms|1|1|1|1
MUTANT 1100|2387ms|1|1|1|1
MUTANT 1102|2222ms|1|1|1|1
MUTANT 1101|2397ms|1|1|1|1
MUTANT 1103|2293ms|1|1|1|1
MUTANT 1106|2163ms|1|1|1|1
MUTANT 1105|2307ms|1|1|1|1
MUTANT 1104|2362ms|1|1|1|1
MUTANT 1107|2165ms|1|1|1|1
MUTANT 1109|2146ms|1|1|1|1
MUTANT 1110|2340ms|1|1|1|1
MUTANT 1108|2430ms|1|1|1|1
MUTANT 1111|2286ms|1|1|1|1
MUTANT 1113|2189ms|1|1|1|1
MUTANT 1112|2404ms|1|1|1|1
MUTANT 1114|2314ms|1|1|1|1
MUTANT 1115|2169ms|1|1|1|1
MUTANT 1117|2219ms|1|1|1|1
MUTANT 1116|2256ms|1|1|1|1
MUTANT 1118|2342ms|1|1|1|1
MUTANT 1119|2109ms|1|1|1|1
MUTANT 1121|2267ms|1|1|1|1
MUTANT 1120|2333ms|1|1|1|1
MUTANT 1122|2288ms|1|1|1|1
MUTANT 1123|2674ms|1|1|1|1
MUTANT 1124|2645ms|1|1|1|1
MUTANT 1125|2613ms|1|1|1|1
MUTANT 1126|2576ms|1|1|1|1
MUTANT 1127|2665ms|1|1|1|1
MUTANT 1129|2687ms|1|1|1|1
MUTANT 1128|2708ms|1|1|1|1
MUTANT 1130|2774ms|1|1|1|1
MUTANT 1131|2734ms|1|1|1|1
MUTANT 1132|2702ms|1|1|1|1
MUTANT 1133|2927ms|1|1|1|1
MUTANT 1134|2741ms|1|1|1|1
MUTANT 1135|2605ms|1|1|1|1
MUTANT 1136|2358ms|1|1|1|1
MUTANT 1137|2350ms|1|1|1|1
MUTANT 1138|2270ms|1|1|1|1
MUTANT 1139|2221ms|1|1|1|1
MUTANT 1140|2417ms|1|1|1|1
MUTANT 1141|2243ms|1|1|1|1
MUTANT 1142|2221ms|1|1|1|1
MUTANT 1143|2327ms|1|1|1|1
MUTANT 1144|2346ms|1|1|1|1
MUTANT 1146|2430ms|1|1|1|1
MUTANT 1145|2575ms|1|1|1|1
MUTANT 1147|2383ms|1|1|1|1
MUTANT 1148|2209ms|1|1|1|1
MUTANT 1149|2145ms|1|1|1|1
MUTANT 1150|2144ms|1|1|1|1
MUTANT 1152|2205ms|1|1|1|1
MUTANT 1151|3276ms|1|1|1|1
MUTANT 1153|2233ms|1|1|1|1
MUTANT 1154|2278ms|1|1|1|1
MUTANT 1155|2287ms|1|1|1|1
MUTANT 1156|2353ms|1|1|1|1
MUTANT 1157|2322ms|1|1|1|1
MUTANT 1158|2290ms|1|1|1|1
MUTANT 1159|2225ms|1|1|1|1
MUTANT 1160|2248ms|1|1|1|1
MUTANT 1161|2324ms|1|1|1|1
MUTANT 1162|2324ms|1|1|1|1
MUTANT 1163|2160ms|1|1|1|1
MUTANT 1164|2387ms|1|1|1|1
MUTANT 1165|2412ms|1|1|1|1
MUTANT 1166|2366ms|1|1|1|1
MUTANT 1167|2242ms|1|1|1|1
MUTANT 1168|2565ms|1|1|1|1
MUTANT 1170|2565ms|1|1|1|1
MUTANT 1169|2694ms|1|1|1|1
MUTANT 1171|2693ms|1|1|1|1
MUTANT 1172|2813ms|1|1|1|1
MUTANT 1174|3108ms|1|1|1|1
MUTANT 1173|3228ms|1|1|1|1
MUTANT 1175|3058ms|1|1|1|1
MUTANT 1176|3002ms|-2|-2|-2|-2
MUTANT 1177|2843ms|-2|-2|-2|-2
MUTANT 1178|2895ms|-2|-2|-2|-2
MUTANT 1179|2716ms|1|1|1|1
MUTANT 1180|2562ms|-2|-2|-2|-2
MUTANT 1182|2333ms|-2|-2|-2|-2
MUTANT 1181|2467ms|-2|-2|-2|-2
MUTANT 1183|2362ms|-2|-2|-2|-2
MUTANT 1184|2357ms|1|1|1|1
MUTANT 1186|2630ms|1|1|1|1
MUTANT 1185|2675ms|1|1|1|1
MUTANT 1187|2416ms|1|1|1|1
MUTANT 1188|2446ms|1|1|1|1
MUTANT 1189|2593ms|1|1|1|1
MUTANT 1190|2572ms|1|1|1|1
MUTANT 1191|2498ms|1|1|1|1
MUTANT 1192|2603ms|1|1|1|1
MUTANT 1194|2481ms|-2|-2|-2|-2
MUTANT 1193|2538ms|1|1|1|1
MUTANT 1195|2538ms|1|1|1|1
MUTANT 1196|2520ms|1|1|1|1
MUTANT 1198|2588ms|1|1|1|1
MUTANT 1197|2674ms|1|1|1|1
MUTANT 1199|2650ms|1|1|1|1
MUTANT 1200|2720ms|1|1|1|1
MUTANT 1201|2423ms|1|1|1|1
MUTANT 1202|2532ms|1|1|1|1
MUTANT 1203|2786ms|1|1|1|1
MUTANT 1204|2750ms|1|1|1|1
MUTANT 1205|2553ms|1|1|1|1
MUTANT 1206|2546ms|1|1|1|1
MUTANT 1207|2592ms|-2|-2|-2|-2
MUTANT 1208|2621ms|1|1|1|1
MUTANT 1209|2589ms|1|1|0|0
MUTANT 1210|2512ms|-2|-2|-2|-2
MUTANT 1211|2636ms|-2|-2|-2|-2
MUTANT 1212|2527ms|-2|-2|-2|-2
MUTANT 1213|2472ms|-2|-2|-2|-2
MUTANT 1214|2687ms|1|1|1|1
MUTANT 1215|2685ms|-2|-2|-2|-2
MUTANT 1216|2655ms|1|1|1|1
MUTANT 1217|2651ms|1|1|1|1
MUTANT 1218|2672ms|1|1|1|1
MUTANT 1219|2694ms|-2|-2|-2|-2
MUTANT 1220|2764ms|1|1|0|0
MUTANT 1221|2625ms|-2|-2|-2|-2
MUTANT 1222|2680ms|-2|-2|-2|-2
MUTANT 1223|2719ms|-2|-2|-2|-2
MUTANT 1224|2798ms|-2|-2|-2|-2
MUTANT 1225|2776ms|-2|-2|-2|-2
MUTANT 1226|2850ms|1|1|1|1
MUTANT 1227|2834ms|1|1|1|1
MUTANT 1229|2812ms|1|1|0|0
MUTANT 1228|2880ms|1|1|1|1
MUTANT 1230|2997ms|-2|-2|-2|-2
MUTANT 1231|2970ms|1|1|1|1
MUTANT 1232|2907ms|-2|-2|-2|-2
MUTANT 1233|2890ms|-2|-2|-2|-2
MUTANT 1234|2997ms|1|1|1|1
MUTANT 1235|3042ms|1|1|1|1
MUTANT 1236|2967ms|1|1|1|1
MUTANT 1237|2969ms|1|1|1|1
MUTANT 1238|2832ms|-2|-2|-2|-2
MUTANT 1239|3046ms|1|1|1|1
MUTANT 1240|3042ms|1|1|1|1
MUTANT 1241|3121ms|1|1|1|1
MUTANT 1242|3121ms|1|1|1|1
MUTANT 1243|3184ms|1|1|1|1
MUTANT 1244|3199ms|1|1|1|1
MUTANT 1245|3181ms|1|1|1|1
MUTANT 1246|3245ms|1|1|1|1
MUTANT 1247|3450ms|1|1|1|1
MUTANT 1248|3205ms|1|1|0|0
MUTANT 1249|3273ms|1|1|1|1
MUTANT 1250|3374ms|1|1|1|1
MUTANT 1251|3491ms|1|1|1|1
MUTANT 1252|3517ms|1|1|1|1
MUTANT 1253|3542ms|1|1|1|1
MUTANT 1254|3428ms|1|1|1|1
MUTANT 1255|3815ms|1|1|1|1
MUTANT 1256|3696ms|1|1|1|1
MUTANT 1257|3651ms|1|1|1|1
MUTANT 1258|3762ms|1|1|1|1
MUTANT 1259|3764ms|1|1|1|1
MUTANT 1260|3647ms|1|1|1|1
MUTANT 1261|3620ms|1|1|1|1
MUTANT 1262|3788ms|1|1|1|1
MUTANT 1263|3746ms|-2|-2|-2|-2
MUTANT 1264|3754ms|1|1|1|1
MUTANT 1265|3724ms|1|1|1|1
MUTANT 1266|3638ms|1|1|1|1
MUTANT 1267|3689ms|1|1|1|1
MUTANT 1268|3640ms|1|1|1|1
MUTANT 1269|3707ms|1|1|1|1
MUTANT 1270|3764ms|1|1|1|1
MUTANT 1271|3576ms|1|1|1|1
MUTANT 1272|3433ms|1|1|1|1
MUTANT 1273|3421ms|1|1|1|1
MUTANT 1274|3395ms|1|1|1|1
MUTANT 1276|3302ms|1|1|1|1
MUTANT 1275|3342ms|1|1|1|1
MUTANT 1277|3340ms|1|1|1|1
MUTANT 1278|3249ms|1|1|1|1
MUTANT 1280|3048ms|1|1|1|1
MUTANT 1279|3193ms|1|1|1|1
MUTANT 1281|3113ms|1|1|1|1
MUTANT 1282|3052ms|1|1|1|1
MUTANT 1283|2825ms|1|1|1|1
MUTANT 1284|2768ms|1|1|1|1
MUTANT 1285|2901ms|1|1|1|1
MUTANT 1286|2746ms|1|1|1|1
MUTANT 1287|2778ms|1|1|1|1
MUTANT 1288|2765ms|1|1|1|1
MUTANT 1289|2650ms|1|1|1|1
MUTANT 1290|2790ms|1|1|1|1
MUTANT 1291|2671ms|1|1|1|1
MUTANT 1292|2634ms|1|1|1|1
MUTANT 1293|2672ms|1|1|1|1
MUTANT 1294|2571ms|1|1|1|1
MUTANT 1296|2499ms|1|1|1|1
MUTANT 1295|2643ms|1|1|1|1
MUTANT 1297|2591ms|1|1|1|1
MUTANT 1298|2475ms|1|1|1|1
MUTANT 1300|1851ms|1|1|1|1
MUTANT 1299|1989ms|1|1|1|1
